<?xml version="1.0"?>

<raw_scores>
	<scores>
		<JPI001 resp="9"/>
		<JPI002 resp="10"/>
		<JPI003 resp="6"/>
		<JPI004 resp="4"/>
		<JPI005 resp="3"/>
		<JPI006 resp="10"/>
		<JPI007 resp="7"/>
		<JPI008 resp="10"/>
		<JPI009 resp="9"/>
		<JPI010 resp="8"/>
		<JPI011 resp="3"/>
		<JPI012 resp="5"/>
		<JPI013 resp="9"/>
		<JPI014 resp="9"/>
		<JPI015 resp="1"/>
		<PSD001 resp="7"/>
		<PSD002 resp="9"/>
		<PSD003 resp="10"/>
		<PSD004 resp="5"/>
		<PSD005 resp="9"/>
		<PSD006 resp="6"/>
		<PSD007 resp="2"/>
		<PSD008 resp="8"/>
		<PSD009 resp="7"/>
		<PSD010 resp="4"/>
		<PSD011 resp="8"/>
		<PSD012 resp="4"/>
		<PSD013 resp="8"/>
		<PSD014 resp="10"/>
		<PSD015 resp="9"/>
		<PSD016 resp="9"/>
		<PSD017 resp="8"/>
		<PSD018 resp="4"/>
		<PSD019 resp="2"/>
		<PSD020 resp="7"/>
		<PSD021 resp="7"/>
		<PSD022 resp="5"/>
		<PSD023 resp="4"/>
		<PSD024 resp="9"/>
		<PSD025 resp="8"/>
		<PSD026 resp="9"/>
		<PSD027 resp="10"/>
		<PSD028 resp="4"/>
		<PSD029 resp="9"/>
		<PSD030 resp="8"/>
		<PSD031 resp="9"/>
		<PSD032 resp="8"/>
		<PSD033 resp="5"/>
		<PSD034 resp="1"/>
		<PSD035 resp="7"/>
		<PSD036 resp="7"/>
		<PSD037 resp="9"/>
		<PSD038 resp="7"/>
		<PSD039 resp="9"/>
		<PSD040 resp="4"/>
		<PSD041 resp="6"/>
		<PSD042 resp="4"/>
		<PSD043 resp="6"/>
		<PSD044 resp="7"/>
		<PSD045 resp="4"/>
		<PSD046 resp="1"/>
		<PSD047 resp="4"/>
		<PSD048 resp="7"/>
		<PSD049 resp="5"/>
		<PSD050 resp="7"/>
		<PSD051 resp="5"/>
		<PSD052 resp="7"/>
		<PSD053 resp="8"/>
		<PSD054 resp="9"/>
		<PSD055 resp="9"/>
		<PSD056 resp="6"/>
		<PSD057 resp="9"/>
		<PSD058 resp="6"/>
		<PSD059 resp="6"/>
		<PSD060 resp="9"/>
		<PSD061 resp="4"/>
		<PSD062 resp="10"/>
		<PSD063 resp="7"/>
		<PSD064 resp="3"/>
		<PSD065 resp="6"/>
		<PSD066 resp="7"/>
		<PSD067 resp="3"/>
		<PSD068 resp="8"/>
		<PSD069 resp="6"/>
		<PSD070 resp="7"/>
		<PSD071 resp="8"/>
		<PSD072 resp="9"/>
		<PSD073 resp="5"/>
		<PSD074 resp="6"/>
		<PSD075 resp="4"/>
		<PSD076 resp="7"/>
		<PSD077 resp="8"/>
		<PSD078 resp="6"/>
		<PSD079 resp="7"/>
		<PSD080 resp="4"/>
		<PSD081 resp="4"/>
		<PSD082 resp="6"/>
		<PSD083 resp="9"/>
		<PSD084 resp="6"/>
		<PSD085 resp="8"/>
		<PSD086 resp="7"/>
		<PSD087 resp="7"/>
		<PSD088 resp="8"/>
		<PSD089 resp="8"/>
		<PSD090 resp="10"/>
		<PSD091 resp="9"/>
		<PSD092 resp="9"/>
		<PSD093 resp="2"/>
		<PSD094 resp="7"/>
		<PSD095 resp="4"/>
		<PSD096 resp="9"/>
		<PSD097 resp="8"/>
		<PSD098 resp="5"/>
		<PSD099 resp="3"/>
		<PSD100 resp="7"/>
		<PSD101 resp="6"/>
		<PSD102 resp="1"/>
		<PSD103 resp="8"/>
		<PSD104 resp="10"/>
		<PSD105 resp="7"/>
		<PSD106 resp="8"/>
		<PSD107 resp="7"/>
		<PSD108 resp="9"/>
		<PSD109 resp="4"/>
		<PSD110 resp="3"/>
		<PSD111 resp="8"/>
		<PSD112 resp="9"/>
		<PSD113 resp="6"/>
		<PSD114 resp="8"/>
		<PSD115 resp="8"/>
		<PSD116 resp="8"/>
		<PSD117 resp="2"/>
		<PSD118 resp="8"/>
		<PSD119 resp="4"/>
		<PSD120 resp="3"/>
		<PSD121 resp="8"/>
		<PSD122 resp="7"/>
		<PSD123 resp="6"/>
		<PSD124 resp="8"/>
		<PSD125 resp="8"/>
		<PSD126 resp="10"/>
		<PSD127 resp="7"/>
		<PSD128 resp="9"/>
		<PSD129 resp="8"/>
		<PSD130 resp="5"/>
		<PSD131 resp="4"/>
		<PSD132 resp="10"/>
		<PSD133 resp="5"/>
		<PSD134 resp="4"/>
		<PSD135 resp="7"/>
		<PSD136 resp="6"/>
		<PSD137 resp="7"/>
		<PSD138 resp="4"/>
		<PSD139 resp="4"/>
		<PSD140 resp="2"/>
		<PSD141 resp="4"/>
		<PSD142 resp="8"/>
		<PSD143 resp="6"/>
		<PSD144 resp="4"/>
		<PSD145 resp="8"/>
		<PSD146 resp="7"/>
		<PSD147 resp="4"/>
		<PSD148 resp="8"/>
		<PSD149 resp="10"/>
		<PSD150 resp="2"/>
		<PSD151 resp="8"/>
		<PSD152 resp="5"/>
		<PSD153 resp="4"/>
		<PSD154 resp="10"/>
		<PSD155 resp="4"/>
		<PSD156 resp="7"/>
		<PSD157 resp="7"/>
		<PSD158 resp="7"/>
		<PSD159 resp="3"/>
		<PSD160 resp="6"/>
		<PSD161 resp="4"/>
		<PSD162 resp="10"/>
		<PSD163 resp="4"/>
		<PSD164 resp="4"/>
		<PSD165 resp="4"/>
		<PSD166 resp="9"/>
		<PSD167 resp="7"/>
		<PSD168 resp="2"/>
		<PSD169 resp="2"/>
	</scores>

</raw_scores>
